word,frequency
room,1699
hotel,1448
park,619
staff,616
location,572
stay,560
great,524
time,461
clean,422
night,381
view,358
good,352
bed,324
would,319
nice,299
u,284
new,281
stayed,280
central,275
floor,273
one,271
day,262
helpful,260
nyc,257
friendly,255
bathroom,254
place,250
front,246
service,246
desk,236
square,234
lane,215
small,200
like,190
city,182
get,181
comfortable,180
restaurant,176
also,175
check,170
breakfast,168
york,163
even,163
back,163
well,161
walk,160
could,159
close,159
really,155
need,147
station,138
hilton,135
price,134
didnt,133
everything,133
excellent,131
two,129
subway,128
definitely,124
dont,119
2,118
much,117
street,116
many,116
dirty,116
bar,115
make,113
made,112
never,112
food,111
got,111
people,110
walking,110
size,109
recommend,109
next,108
best,107
amazing,107
perfect,106
away,105
door,105
hour,105
first,105
always,105
quiet,104
area,104
little,103
right,102
coffee,102
go,101
thing,101
old,99
booked,99
trip,96
penn,95
around,95
shower,94
lot,94
water,93
better,90
reception,88
lobby,87
staying,87
located,86
garden,86
told,86
easy,85
use,85
4,84
minute,83
every,83
way,82
experience,81
guest,81
distance,80
work,80
elevator,79
come,77
enough,77
want,77
3,76
say,76
super,76
manhattan,76
went,75
spacious,75
extremely,75
however,75
visit,75
arrived,74
see,74
towel,74
wall,73
lovely,73
5,72
feel,70
property,69
window,69
drink,69
year,69
big,69
large,69
bit,69
thank,68
happy,68
south,68
block,68
another,68
sleep,67
fee,67
convenient,66
kind,66
problem,65
came,65
take,65
bad,65
especially,64
checked,64
ever,64
long,64
gave,64
look,64
manager,64
wonderful,64
noise,63
across,63
looking,63
carpet,63
needed,62
air,62
going,62
etc,61
facility,61
special,61
morning,61
beautiful,61
help,60
ny,60
luggage,60
toilet,59
tv,58
sure,58
family,57
still,56
cant,56
took,56
used,55
sheet,55
free,54
pay,54
last,54
10,54
quite,54
asked,54
left,54
inn,53
nothing,53
customer,53
short,52
near,52
find,52
loved,52
since,52
high,51
available,51
early,51
hot,51
enjoyed,51
know,50
building,50
said,50
member,50
couldnt,50
review,50
rate,50
charge,50
side,49
pleasant,49
hear,49
money,49
wasnt,49
within,49
doorman,49
far,48
call,48
though,48
business,48
helped,47
issue,47
highly,47
return,47
anything,47
able,47
fantastic,47
fridge,47
ok,47
space,47
overall,46
wifi,46
wanted,46
im,45
called,45
weekend,45
bag,45
card,45
expensive,45
cheap,45
5th,45
per,44
pretty,44
three,44
friend,44
give,44
although,44
ive,43
quick,43
1,42
wife,42
ready,42
nearby,42
worth,42
extra,42
standard,42
week,42
couple,42
provided,41
ac,41
looked,41
value,41
access,40
second,40
wait,40
option,40
amenity,40
dated,39
felt,39
district,39
microwave,39
everyone,39
welcoming,39
top,39
care,39
checkin,39
worst,39
absolutely,38
reservation,38
without,38
ask,38
working,38
late,38
full,37
show,37
decent,37
found,37
think,37
thats,36
put,36
several,36
le,36
broadway,36
part,36
home,36
star,36
stair,36
expected,35
due,35
accommodating,35
level,35
offered,35
recently,35
pillow,35
checking,35
attraction,35
love,35
credit,35
open,35
shared,35
machine,34
modern,34
housekeeping,34
travel,34
daily,34
double,34
evening,34
professional,34
king,34
arrival,34
phone,34
tired,34
fast,33
flight,33
thanks,33
fine,33
tiny,33
cost,33
shop,33
closet,33
paid,32
spot,32
expect,32
whole,32
bug,32
given,32
hair,32
safe,32
filthy,32
noisy,31
point,31
choice,31
spend,31
plenty,31
walked,31
someone,31
try,31
disappointed,31
warm,31
kept,31
overlooking,31
world,31
furniture,31
cold,30
center,30
received,30
cleaned,30
avenue,30
keep,30
key,30
snack,30
busy,30
stain,30
rude,30
birthday,30
huge,29
different,29
leave,29
anyone,29
bottle,29
getting,29
efficient,29
light,29
taxi,29
comfy,29
awesome,29
book,28
youre,28
welcome,28
midtown,28
plus,28
opened,28
wine,28
harrys,28
thin,28
step,27
store,27
end,27
actually,27
name,27
worked,27
reasonable,27
request,27
complaint,27
may,27
quality,27
upgrade,27
tim,27
coming,26
buffet,26
husband,26
person,26
else,26
must,26
everywhere,26
suitcase,26
four,26
hallway,26
daughter,26
making,26
booking,26
madison,26
spent,26
single,26
rather,26
paper,26
included,26
beyond,26
terrible,26
vincent,26
6,25
employee,25
polite,25
picture,25
parking,25
tried,25
guy,25
entire,25
doesnt,25
surprised,25
theater,25
upon,25
airport,25
five,25
poor,25
bath,25
stained,25
man,24
certainly,24
isnt,24
greeted,24
car,24
id,24
enjoy,24
wont,24
there,24
deal,24
rest,24
thought,24
change,24
maker,24
resort,24
chinatown,24
set,23
outside,23
corner,23
con,23
town,23
dining,23
complimentary,23
concierge,23
let,23
fabulous,23
fan,23
including,23
ceiling,23
smell,23
life,23
positive,23
something,23
saw,23
bring,23
spectacular,23
fit,23
hostel,23
eat,22
brand,22
direction,22
immediately,22
either,22
liked,22
dollar,22
returned,22
bellman,22
later,21
higher,21
line,21
smaller,21
offer,21
almost,21
knew,21
cool,21
incredible,21
james,21
site,21
start,21
worn,21
foot,21
hard,20
soon,20
facing,20
hospitality,20
upgraded,20
run,20
relatively,20
main,20
conditioning,20
basic,20
bus,20
heart,20
7,20
truly,20
outstanding,20
linen,20
smile,20
met,20
wouldnt,20
courteous,20
decided,20
photo,20
nafeesa,20
missing,20
nicole,20
ice,19
yes,19
chose,19
larger,19
possible,19
lift,19
fresh,19
shopping,19
condition,19
major,19
probably,19
heard,19
seemed,19
choose,19
cleanliness,19
fairly,19
done,19
charged,19
easily,19
20,19
often,19
order,19
directly,19
cleaning,19
chinese,19
clothes,19
forward,19
suite,19
disgusting,19
40,19
please,19
favorite,18
already,18
allowed,18
checkout,18
traffic,18
quickly,18
state,18
tea,18
port,18
appreciated,18
chair,18
lower,18
decor,18
least,18
visiting,18
bigger,18
expectation,18
believe,18
month,18
cover,18
partial,18
12,17
awful,17
werent,17
others,17
negative,17
touch,17
anniversary,17
stop,17
drawer,17
seem,17
train,17
garment,17
irish,17
wish,17
important,17
authority,17
compared,17
receptionist,17
guess,17
taken,17
cab,17
sight,17
8th,17
team,17
completely,17
entrance,17
mention,17
brought,17
plaza,17
changed,17
hall,17
blanket,17
website,17
reason,16
amount,16
information,16
unfortunately,16
visited,16
hell,16
consider,16
refrigerator,16
pro,16
waiting,16
8,16
recent,16
closed,16
lack,16
provide,16
mind,16
seeing,16
covered,16
inside,15
average,15
priced,15
min,15
javits,15
question,15
richie,15
private,15
beat,15
instead,15
theatre,15
low,15
sound,15
keurig,15
house,15
read,15
attentive,15
impressed,15
mini,15
glad,15
appointed,15
24,15
box,15
informed,15
delivered,15
wrong,15
understand,15
maintenance,15
son,15
2nd,15
ritz,15
broken,15
seen,15
budget,15
15,14
personal,14
arrive,14
paying,14
convenience,14
security,14
willing,14
jfk,14
meant,14
st,14
luxury,14
otherwise,14
past,14
slept,14
recommendation,14
hgi,14
public,14
margarita,14
conveniently,14
july,14
case,14
middle,14
horrible,14
cafe,14
disappointing,14
bill,14
avoid,14
temperature,14
basically,14
table,14
beer,14
yet,14
considering,14
taking,14
meet,14
longer,14
management,14
bite,14
hole,14
cocktail,14
older,14
honor,13
surprise,13
vacation,13
hold,13
course,13
terrific,13
tip,13
dinner,13
control,13
comfort,13
tax,13
updated,13
requested,13
usually,13
pm,13
turn,13
finally,13
internet,13
bartender,13
ideal,13
road,13
seems,13
1st,13
museum,13
mattress,13
superb,13
except,13
mentioned,13
exceptional,13
fact,13
move,13
conversation,13
moment,13
ride,13
sleeping,13
simply,13
matter,13
barely,13
worse,13
literally,12
third,12
bright,12
storage,12
leaving,12
kid,12
9th,12
tourist,12
empire,12
despite,12
accommodation,12
black,12
pleased,12
outlet,12
kitchen,12
package,12
previous,12
future,12
ill,12
half,12
sent,12
general,12
pressure,12
37th,12
office,12
4th,12
outdated,12
doylers,12
note,12
100,12
loud,12
pleasantly,12
might,12
traveling,12
ave,12
incredibly,12
wet,12
advance,12
particular,12
online,12
toiletry,12
expecting,12
fully,12
story,12
talking,12
ago,12
holiday,12
queen,12
diana,12
lady,12
cockroach,12
spotless,11
adequate,11
advertised,11
personnel,11
young,11
suggestion,11
local,11
driver,11
situated,11
neighborhood,11
tight,11
curtain,11
along,11
memorable,11
cynthia,11
newer,11
cleaner,11
system,11
assistance,11
enjoyable,11
11,11
advice,11
live,11
event,11
prior,11
head,11
50,11
youll,11
plug,11
pub,11
feature,11
served,11
item,11
difficult,11
crowded,11
throughout,11
fifth,11
blood,11
east,11
properly,11
joke,11
premier,11
anthony,11
breathtaking,11
cheapest,11
anywhere,10
reasonably,10
tidy,10
overnight,10
feeling,10
type,10
centrally,10
aware,10
wedding,10
proximity,10
perfectly,10
turned,10
keeping,10
chance,10
pod,10
bottled,10
iron,10
5pm,10
following,10
earlier,10
speak,10
number,10
transportation,10
metro,10
sightseeing,10
detail,10
using,10
complain,10
answered,10
pleasure,10
particularly,10
slightly,10
contacted,10
blind,10
afternoon,10
accessible,10
celebrate,10
shout,10
30,10
hardly,10
maybe,10
selection,10
word,10
arranged,10
hope,10
weve,10
equipped,10
2019,10
added,10
multiple,10
reading,10
save,10
2018,10
glass,10
oh,10
difference,10
fixed,10
ended,10
sister,10
200,10
moved,10
job,10
girl,10
obviously,10
stopped,10
clerk,10
nabila,10
stunning,10
update,10
experienced,10
timothy,10
gross,10
bedbug,10
shut,9
zero,9
welcomed,9
complete,9
comment,9
unit,9
temp,9
encountered,9
attached,9
heavy,9
downtown,9
34th,9
showing,9
attitude,9
chain,9
conditioner,9
blackout,9
soap,9
board,9
started,9
gym,9
hand,9
gold,9
nicer,9
smooth,9
face,9
onsite,9
bother,9
functional,9
diamond,9
sam,9
knowing,9
macys,9
woke,9
balcony,9
interesting,9
totally,9
email,9
cup,9
dealt,9
prepared,9
usual,9
impression,9
decorated,9
downside,9
fun,9
atmosphere,9
style,9
appreciate,9
mr,9
simple,9
sorry,9
weather,9
cozy,9
buy,9
sitting,9
together,9
delicious,9
14,9
fair,9
international,9
hairdryer,9
additional,9
explained,9
opposite,9
sink,9
total,9
paint,9
six,9
corridor,9
giving,9
updating,9
35,9
running,9
elegant,9
replaced,9
mark,9
renovation,9
share,9
20th,8
company,8
45,8
mistake,8
meal,8
till,8
18th,8
centre,8
knowledgeable,8
secure,8
25,8
23rd,8
nicely,8
whilst,8
addition,8
attention,8
filled,8
soft,8
luckily,8
surely,8
affordable,8
maintained,8
renovated,8
account,8
stuff,8
summer,8
imagine,8
counter,8
contact,8
smoke,8
reserved,8
walkable,8
disappointment,8
grab,8
tall,8
spoke,8
rating,8
tub,8
bathtub,8
concern,8
sign,8
via,8
stored,8
agent,8
channel,8
bryant,8
mean,8
january,8
bedroom,8
sometimes,8
entered,8
planning,8
real,8
process,8
lost,8
talk,8
bedding,8
heat,8
telling,8
woman,8
assigned,8
kudos,8
whenever,8
clear,8
handle,8
downstairs,8
clearly,8
18,8
returning,8
recommended,8
stand,8
charm,8
slipper,8
okay,8
body,8
whatever,8
neither,8
refund,8
wallpaper,8
bobby,8
rodney,8
tile,8
saying,8
fixture,8
actual,8
evelyn,8
bargain,8
57,8
betty,8
tell,8
noticed,7
god,7
emailed,7
6th,7
onto,7
fault,7
lucky,7
red,7
frequently,7
hang,7
overpriced,7
true,7
similar,7
establishment,7
leg,7
uptown,7
wake,7
regular,7
specially,7
charging,7
privacy,7
noon,7
connection,7
server,7
concerned,7
improve,7
typical,7
satisfied,7
regarding,7
garage,7
cut,7
chef,7
bonus,7
forget,7
base,7
trained,7
twice,7
andor,7
annoying,7
advised,7
maid,7
dust,7
treat,7
known,7
music,7
deposit,7
taste,7
ticket,7
slow,7
heading,7
blocked,7
fix,7
housekeeper,7
exploring,7
degree,7
eating,7
absolute,7
departure,7
hit,7
folk,7
managed,7
complementary,7
tour,7
miss,7
position,7
restaurantbar,7
upper,7
numerous,7
catch,7
occasion,7
asset,7
activity,7
pas,7
terminal,7
accommodate,7
meeting,7
market,7
pick,7
sized,7
ear,7
bell,7
sort,7
gorgeous,7
45th,7
mold,7
alex,7
wow,7
soad,7
shabby,7
classic,7
columbus,7
gone,7
fire,7
ali,7
v,7
magnificent,7
treated,7
7pm,7
dirt,7
italy,7
sex,7
besides,6
december,6
christmas,6
repair,6
group,6
quieter,6
party,6
cancelled,6
knowledge,6
island,6
hoping,6
menu,6
premium,6
drop,6
thru,6
duty,6
immaculate,6
safety,6
travelling,6
opportunity,6
self,6
youd,6
minor,6
showed,6
plan,6
thick,6
setting,6
wed,6
firm,6
400,6
dryer,6
stepped,6
enjoying,6
alone,6
lighting,6
usb,6
relax,6
write,6
add,6
ideally,6
30th,6
courtesy,6
lamp,6
power,6
proper,6
lock,6
complained,6
adult,6
supply,6
smiling,6
devon,6
egg,6
behind,6
happened,6
example,6
hudson,6
described,6
wheelchair,6
dresser,6
surrounding,6
country,6
sweet,6
thermostat,6
missed,6
bedside,6
dark,6
handy,6
beautifully,6
print,6
owner,6
limited,6
cheerful,6
clothing,6
exceeded,6
9,6
trying,6
sq,6
rockefeller,6
west,6
cruise,6
roll,6
status,6
voucher,6
42nd,6
deserves,6
age,6
traveller,6
sat,6
prime,6
transport,6
class,6
traditional,6
conference,6
computer,6
honeymoon,6
2017,6
23,6
nobody,6
damage,6
eye,6
honestly,6
uber,6
engineer,6
thoroughly,6
piece,6
traveler,6
sorted,6
female,6
theyre,6
opinion,6
50th,6
slight,6
wash,6
mainly,6
straight,6
remembered,6
honest,6
fourth,6
final,6
hotelscom,6
eventually,6
offering,6
he,6
shoe,6
dingy,6
kindness,6
gilberto,6
adriana,6
asking,6
hasnt,6
waking,6
everyday,6
cigarette,6
smelly,6
aina,6
arent,6
carlton,6
waste,6
motel,6
edita,6
80,6
junior,6
unacceptable,6
shocked,6
bike,6
receive,6
gloria,6
flip,6
twin,6
neighbour,6
steep,6
17th,5
unfriendly,5
ventilation,5
marathon,5
seven,5
anyway,5
yellow,5
dead,5
cramped,5
selected,5
ahead,5
needle,5
finding,5
advantage,5
75,5
helpfull,5
picked,5
unless,5
wardrobe,5
basket,5
accommodated,5
attended,5
destination,5
spending,5
record,5
arriving,5
throw,5
ten,5
fall,5
roomy,5
solid,5
baby,5
hello,5
range,5
purchase,5
required,5
somewhat,5
crash,5
sell,5
celebrating,5
uk,5
21st,5
mile,5
greet,5
initially,5
white,5
sit,5
includes,5
organized,5
listen,5
hung,5
removed,5
suit,5
omelet,5
perhaps,5
cooky,5
surprisingly,5
normal,5
respect,5
pity,5
settled,5
non,5
solo,5
hiltons,5
teacoffee,5
faced,5
expedia,5
explain,5
barrestaurant,5
mirror,5
app,5
reliable,5
exception,5
rep,5
delivery,5
present,5
hesitate,5
load,5
screen,5
midnight,5
notch,5
jersey,5
pancake,5
chocolate,5
map,5
seat,5
heating,5
cancel,5
22nd,5
english,5
minus,5
exceptionally,5
highlight,5
gentleman,5
dry,5
bustle,5
interest,5
tripadvisor,5
benefit,5
variety,5
waited,5
american,5
decoration,5
adjacent,5
none,5
nearly,5
become,5
m,5
brent,5
greeting,5
leak,5
smelled,5
inch,5
correct,5
40th,5
rain,5
surprising,5
original,5
boarding,5
msg,5
closer,5
elsewhere,5
forever,5
flat,5
alina,5
whether,5
stuck,5
strawberry,5
carry,5
roof,5
x,5
cake,5
requesting,5
discovered,5
fitness,5
hadnt,5
assisted,5
weird,5
cart,5
obvious,5
w,5
prefer,5
manhatten,5
speaking,5
student,5
today,5
remote,5
figure,5
grand,5
reach,5
notice,5
courtyard,5
plastic,5
n,5
deserve,5
unbelievable,5
champagne,5
horse,5
exactly,5
carrying,5
fruit,5
fl,5
debbie,5
clogged,5
somewhere,5
common,5
executive,5
carpeting,5
lacking,5
named,5
plain,5
skyline,5
supposed,5
garbage,5
gon,5
na,5
disappoint,5
situation,5
luck,5
unclean,5
59th,5
boy,5
ur,5
57pm,5
brooklyn,5
describe,5
sharing,5
canal,5
jail,5
rm,5
flop,5
nasty,5
feces,5
buck,5
insect,5
roach,5
china,5
moldy,5
yr,4
vibe,4
uncomfortable,4
cancelon,4
worry,4
getaway,4
green,4
pain,4
hey,4
answer,4
disabled,4
info,4
brick,4
support,4
assist,4
australia,4
switch,4
girlfriend,4
purpose,4
attending,4
interacted,4
happily,4
doubt,4
regard,4
rolling,4
mixed,4
sunday,4
insulation,4
siren,4
shade,4
efficiency,4
shampoo,4
stick,4
certain,4
alarm,4
nathan,4
saturday,4
sadly,4
equipment,4
electrical,4
craziness,4
supplied,4
providing,4
usa,4
perk,4
starting,4
c,4
impossible,4
bellhop,4
became,4
cotton,4
lounge,4
forgot,4
peaceful,4
calm,4
711,4
apologetic,4
definately,4
gem,4
odor,4
ball,4
serve,4
april,4
phenomenal,4
zumba,4
ensure,4
cupboard,4
held,4
hop,4
necessary,4
resolve,4
poorly,4
rack,4
debit,4
height,4
possibly,4
essential,4
yard,4
stress,4
enter,4
soda,4
pulled,4
message,4
narrow,4
56,4
prompt,4
notified,4
waffle,4
diner,4
neighbor,4
appears,4
february,4
partner,4
watch,4
lincoln,4
tunnel,4
ate,4
nearest,4
ironing,4
storing,4
express,4
telephone,4
acceptable,4
brilliant,4
1000,4
bank,4
therefore,4
provides,4
fell,4
55,4
connected,4
breathing,4
hustle,4
winter,4
coffe,4
oclock,4
friday,4
quietest,4
learned,4
entirely,4
happen,4
kindly,4
300,4
november,4
regularly,4
sold,4
refurbished,4
lunch,4
trouble,4
regardless,4
relaxing,4
caring,4
delay,4
chosen,4
specifically,4
foyer,4
approach,4
potential,4
aircon,4
visitor,4
somehow,4
smallest,4
basement,4
adjusted,4
baggage,4
eatery,4
commute,4
burger,4
various,4
radio,4
breeze,4
pre,4
mostly,4
concert,4
odd,4
refused,4
safely,4
impressive,4
assume,4
trap,4
caught,4
transfer,4
remember,4
crowd,4
adjust,4
unique,4
metal,4
date,4
seating,4
11th,4
cheaper,4
calling,4
river,4
placed,4
lying,4
term,4
among,4
yorkers,4
oldfashioned,4
havent,4
responsive,4
memorial,4
statue,4
liberty,4
ample,4
th,4
chaos,4
passed,4
28th,4
waiter,4
highest,4
hanging,4
bookingcom,4
finished,4
b,4
interior,4
cable,4
europe,4
leftover,4
nicest,4
apology,4
effort,4
choosing,4
thinking,4
traveled,4
dec,4
unprofessional,4
socket,4
school,4
september,4
edge,4
911,4
seriously,4
regret,4
inexpensive,4
ton,4
normally,4
joint,4
construction,4
decision,4
spray,4
zoe,4
mounia,4
substandard,4
energy,4
fancy,4
physical,4
ability,4
peggy,4
dog,4
october,4
captain,4
sun,4
pointed,4
discontinued,4
90,4
sad,4
raymond,4
coat,4
badly,4
marriott,4
delayed,4
massive,4
faucet,4
idea,4
apart,4
classy,4
majority,4
history,4
breath,4
deep,4
delightful,4
prosecco,4
ryan,4
americo,4
25th,4
upset,4
match,4
scam,4
justify,4
circle,4
hidden,4
flush,4
sunrise,4
bridge,4
accomodating,4
hook,4
shelf,4
begin,4
personality,4
granddaughter,4
appetizer,4
4pm,4
46,4
41st,4
bucket,4
cruze,4
brown,4
communal,4
cousin,4
police,4
cell,4
restroom,4
taller,4
heater,4
bedsheets,4
extreme,4
prison,4
10th,3
advisor,3
bottom,3
9pm,3
realize,3
heavily,3
secured,3
12th,3
convention,3
granted,3
criticism,3
hoped,3
death,3
solution,3
dragging,3
reached,3
handled,3
hate,3
opted,3
blast,3
asleep,3
rock,3
professionally,3
laugh,3
pot,3
tend,3
sheer,3
route,3
cream,3
bunch,3
fashion,3
payed,3
personally,3
patient,3
host,3
advertising,3
feather,3
trash,3
unsafe,3
typically,3
operate,3
june,3
eve,3
appear,3
rental,3
equally,3
constantly,3
realized,3
warned,3
remove,3
excessive,3
dunkin,3
donut,3
funny,3
automatic,3
hvac,3
scared,3
outdoor,3
italian,3
advising,3
carlos,3
spoken,3
painted,3
cooked,3
unpleasant,3
unlike,3
flow,3
7th,3
generally,3
adjoining,3
excited,3
awake,3
design,3
feedback,3
madness,3
mix,3
assured,3
theyd,3
incl,3
bought,3
break,3
current,3
suggested,3
strange,3
addressed,3
tap,3
1015,3
wide,3
factory,3
mum,3
spotlessly,3
shame,3
gotten,3
assisting,3
drinking,3
chelsea,3
kettle,3
wouldve,3
overly,3
silent,3
moisture,3
anybody,3
action,3
nine,3
ship,3
drug,3
jammed,3
reply,3
1100,3
exhausted,3
thanksgiving,3
approximately,3
preferred,3
intersection,3
pricy,3
mobility,3
designed,3
hearing,3
compact,3
av,3
acknowledged,3
explore,3
wellappointed,3
amateur,3
tablet,3
freezing,3
losing,3
desired,3
bathrobe,3
cap,3
suggest,3
inviting,3
stood,3
hide,3
wearing,3
3rd,3
moving,3
attractive,3
coupon,3
charming,3
relaxation,3
gift,3
definetly,3
sense,3
client,3
follow,3
lived,3
camera,3
planned,3
importantly,3
signed,3
lol,3
noted,3
lug,3
beverage,3
soaked,3
bagel,3
inconvenience,3
printing,3
attend,3
minifridge,3
manageable,3
terrace,3
priceless,3
promptly,3
manage,3
direct,3
frequented,3
starbucks,3
whats,3
character,3
worker,3
join,3
15th,3
landmark,3
personable,3
create,3
test,3
fellow,3
checkingin,3
cause,3
apartment,3
furnished,3
thankfully,3
ridiculously,3
completed,3
aspect,3
lowest,3
keycard,3
separated,3
standing,3
pair,3
dressed,3
hectic,3
cabinet,3
built,3
omelette,3
mode,3
shirt,3
finish,3
cop,3
vehicle,3
canada,3
un,3
ultimate,3
superior,3
product,3
6pm,3
pass,3
tasty,3
monday,3
e,3
allowing,3
furnishing,3
29th,3
payment,3
treatment,3
toward,3
ordered,3
1am,3
firstly,3
minimal,3
north,3
lay,3
tower,3
leonel,3
candelario,3
broke,3
rip,3
parvez,3
shift,3
overlook,3
google,3
allows,3
empty,3
grateful,3
parade,3
extraordinary,3
beginning,3
pl,3
39th,3
nextdoor,3
classically,3
co,3
father,3
wheel,3
child,3
peeling,3
text,3
tree,3
separate,3
cope,3
cheese,3
hygiene,3
dire,3
gratitude,3
serious,3
compete,3
marcelo,3
2012,3
19,3
sofa,3
refunded,3
humid,3
bare,3
wear,3
function,3
slip,3
ron,3
disaster,3
unexpected,3
trump,3
watched,3
delighted,3
financial,3
length,3
teh,3
unbeatable,3
prepare,3
utterly,3
leona,3
august,3
cash,3
faded,3
beware,3
shock,3
environment,3
70,3
glamour,3
rusty,3
150,3
36,3
trick,3
nd,3
memory,3
promised,3
mine,3
semi,3
useless,3
dream,3
parent,3
coffeetea,3
usage,3
apparently,3
ground,3
reporting,3
washed,3
arm,3
fancier,3
happening,3
78,3
exist,3
happens,3
ridiculous,3
vent,3
mandatory,3
nightly,3
peeled,3
unbearable,3
afraid,3
everybody,3
pipe,3
hanger,3
killed,3
nj,3
renting,3
dirtiest,3
2m2,3
voice,3
volume,3
dorm,3
shown,3
economy,3
smelt,3
crappy,3
bowery,3
contain,3
rat,3
burn,3
picky,3
flea,3
advise,3
web,3
health,3
drag,3
snoring,3
screwed,3
partition,3
pee,3
snore,3
backpack,3
washroom,3
fighting,2
1200,2
unknown,2
attempted,2
dropped,2
wrote,2
staten,2
mta,2
leisure,2
rabbit,2
deserved,2
recognition,2
convient,2
1145,2
efficiently,2
discussion,2
pizza,2
hesitation,2
address,2
entry,2
stupid,2
staf,2
beter,2
13,2
500,2
wood,2
faint,2
15m,2
played,2
airy,2
neutrogena,2
mate,2
underneath,2
downhill,2
declined,2
dispenser,2
thumb,2
10am,2
slide,2
meaning,2
robot,2
rule,2
theyve,2
shape,2
satisfaction,2
round,2
unfortunate,2
jamaica,2
lirr,2
out,2
1010,2
marble,2
intense,2
handicap,2
65,2
charles,2
jules,2
individual,2
welldesigned,2
complaining,2
reward,2
vacuumed,2
restocking,2
hgis,2
t,2
representative,2
knowledgable,2
authorized,2
navigate,2
acknowledge,2
esp,2
cook,2
poached,2
greatest,2
venture,2
cirillo,2
initiative,2
alley,2
badge,2
trust,2
8pm,2
642,2
difficulty,2
originally,2
dime,2
weekly,2
spoiled,2
dropping,2
340,2
spare,2
54,2
highline,2
performance,2
opera,2
art,2
freshly,2
drain,2
lastly,2
meat,2
staffed,2
interaction,2
tasted,2
pride,2
officer,2
newly,2
unusual,2
rare,2
crew,2
16th,2
tick,2
tock,2
gap,2
playing,2
opening,2
cooled,2
response,2
promise,2
strength,2
charger,2
ameneties,2
hopefully,2
distant,2
nr,2
extending,2
availability,2
wanting,2
800,2
def,2
can,2
season,2
wise,2
entree,2
remark,2
timesquare,2
underground,2
deli,2
oil,2
query,2
collected,2
710,2
informing,2
sincerely,2
sorting,2
report,2
policy,2
amtrak,2
crazy,2
washington,2
f,2
marie,2
rail,2
vibrant,2
collection,2
tag,2
someplace,2
blue,2
orange,2
recall,2
element,2
watching,2
university,2
aside,2
packed,2
17,2
intended,2
elbow,2
76,2
auto,2
parcel,2
weight,2
treadmill,2
careful,2
28,2
nateesa,2
linked,2
answering,2
displayed,2
homeless,2
locate,2
previously,2
lesson,2
flr,2
darn,2
wallthe,2
discount,2
strong,2
america,2
richard,2
headed,2
began,2
prompted,2
consistency,2
consistent,2
horn,2
obnoxious,2
guiliano,2
serviced,2
commented,2
chris,2
worried,2
skype,2
device,2
hail,2
ran,2
gripe,2
french,2
toast,2
seasoned,2
harrison,2
relaxed,2
alternative,2
bellboy,2
followed,2
greatly,2
annoyance,2
urban,2
arrange,2
whatsoever,2
guilano,2
warmly,2
understood,2
tone,2
cooling,2
doyles,2
ambience,2
pricey,2
palace,2
adapter,2
tofrom,2
patrick,2
cathedral,2
16,2
interestingly,2
graet,2
compare,2
suprise,2
sept,2
lyft,2
115,2
counted,2
250,2
stressful,2
anytime,2
grocery,2
nonbusiness,2
2015,2
significantly,2
arrives,2
anticipated,2
suited,2
beaten,2
path,2
downgraded,2
roughly,2
1530,2
horrendous,2
cubicle,2
newark,2
fuss,2
spread,2
wherever,2
squeeze,2
transit,2
walkin,2
pricing,2
overheard,2
animal,2
candy,2
85,2
disturb,2
competitive,2
moma,2
skyview,2
shuttle,2
relation,2
tissue,2
oriented,2
eg,2
failed,2
jam,2
rush,2
clue,2
bacon,2
bulky,2
exceeds,2
valued,2
overwhelmed,2
blew,2
dish,2
apple,2
strongly,2
digital,2
appeared,2
select,2
hhonors,2
eager,2
searching,2
defect,2
horrid,2
steer,2
14th,2
herald,2
thoughtfully,2
42,2
lit,2
mood,2
applying,2
makeup,2
warmth,2
statement,2
busiest,2
mob,2
27th,2
trade,2
11pm,2
graduation,2
button,2
refer,2
jan,2
fedex,2
jonathan,2
hi,2
maria,2
karen,2
bravo,2
virtually,2
genuinely,2
prepaid,2
verry,2
smoothly,2
shoutout,2
figured,2
inadequate,2
require,2
flexible,2
solved,2
bob,2
34,2
bin,2
thursday,2
impeccable,2
push,2
albeit,2
awaiting,2
loading,2
document,2
immediate,2
brazil,2
hhonnors,2
observation,2
us,2
television,2
ease,2
grade,2
warmed,2
swift,2
perfection,2
hailing,2
appreciation,2
faster,2
scissor,2
borrow,2
insisted,2
letting,2
stone,2
pleasing,2
afield,2
inroom,2
la,2
switching,2
sleeper,2
game,2
luxurious,2
homewood,2
checkincheckout,2
squeaky,2
suv,2
play,2
recomend,2
improvement,2
soundproofing,2
somebody,2
skip,2
angry,2
oldest,2
sick,2
penalty,2
realised,2
allotted,2
motion,2
discussed,2
leading,2
snow,2
include,2
inquiry,2
informative,2
shane,2
thus,2
fare,2
patience,2
valet,2
takeout,2
suppose,2
cancelation,2
assuming,2
correctly,2
detailed,2
overlooked,2
patiently,2
nightmare,2
skyscraper,2
mid,2
comforter,2
bland,2
search,2
hundred,2
pound,2
grimy,2
accomodations,2
hospital,2
procedure,2
men,2
jw,2
ba,2
barrelaged,2
band,2
parkview,2
colorful,2
smelling,2
affect,2
here,2
parklane,2
success,2
carriage,2
harlem,2
industry,2
unlimited,2
premiere,2
pad,2
arrangement,2
guggenheim,2
chicago,2
annual,2
diaz,2
satisfy,2
remodeling,2
justified,2
indeed,2
disturbed,2
pushed,2
venue,2
signature,2
hors,2
doeuvres,2
neighboring,2
court,2
lively,2
decade,2
remain,2
pealing,2
rug,2
everytime,2
approachable,2
saved,2
risk,2
miriam,2
cafeteria,2
6am,2
ruined,2
fortune,2
grey,2
refurbishment,2
reserve,2
oct,2
likely,2
hotelthe,2
guide,2
count,2
sarabeths,2
glamorous,2
breaking,2
smoking,2
helping,2
enthusiasm,2
credited,2
strike,2
skirting,2
renovate,2
london,2
alike,2
refreshing,2
flaw,2
brunch,2
flatscreen,2
kinda,2
grubby,2
damaged,2
victor,2
struggle,2
amazon,2
stated,2
replacing,2
rolled,2
ie,2
glitch,2
field,2
panoramic,2
bufrahi,2
upcoming,2
changing,2
overhaul,2
understatement,2
neck,2
2020,2
bd,2
hydrated,2
freshen,2
apparent,2
condensation,2
wiped,2
aug,2
nonrefundable,2
wondering,2
hinge,2
mildew,2
refuse,2
agreed,2
reported,2
comparing,2
presence,2
pilot,2
karina,2
mohamed,2
confusing,2
ronald,2
mathew,2
grill,2
earth,2
tom,2
benedict,2
nana,2
loving,2
addressing,2
modest,2
ruin,2
skill,2
doe,2
classical,2
maximum,2
intimate,2
chatting,2
struggled,2
reminded,2
roomwhich,2
gracious,2
enormous,2
uncommon,2
european,2
accomodation,2
stranded,2
voip,2
filth,2
sweeping,2
58th,2
serf,2
helmsley,2
shed,2
grave,2
elegance,2
british,2
airway,2
period,2
detract,2
essex,2
ou,2
1600,2
queue,2
demand,2
manger,2
moan,2
needing,2
renewed,2
awoke,2
department,2
grotty,2
instructed,2
improved,2
leaked,2
dial,2
robert,2
eliminated,2
lose,2
suck,2
suitable,2
5star,2
125,2
twenty,2
ronnie,2
r,2
content,2
unable,2
genuine,2
critical,2
anymore,2
ripped,2
crap,2
download,2
h,2
unlikely,2
pointless,2
inform,2
shouldnt,2
luis,2
stroll,2
continues,2
600pm,2
mother,2
fab,2
38th,2
twostar,2
lacked,2
race,2
cooler,2
caused,2
shawn,2
discover,2
registration,2
surface,2
minibar,2
wave,2
wrecking,2
tony,2
reviewer,2
pull,2
cross,2
exciting,2
subpar,2
van,2
writing,2
74,2
peter,2
mayor,2
congratulation,2
maintain,2
replace,2
law,2
unhelpful,2
drive,2
compulsory,2
yesterday,2
desperately,2
revamp,2
tlc,2
remains,2
confirmed,2
touring,2
citi,2
pret,2
featherfree,2
evaluate,2
roommate,2
detergent,2
mildewed,2
population,2
paradise,2
enthusiastic,2
comfortably,2
pig,2
sounded,2
african,2
loudly,2
sandal,2
grandeur,2
easier,2
repainted,2
sunset,2
jr,2
sour,2
horrific,2
ken,2
approached,2
surly,2
act,2
nervous,2
bulb,2
title,2
eastern,2
bowl,2
rarely,2
stolen,2
handed,2
stairway,2
120,2
horror,2
yelling,2
lie,2
hollow,2
nowhere,2
mop,2
beside,2
fr,2
skin,2
soooo,2
container,2
urge,2
cardboard,2
flowing,2
overflowing,2
mouse,2
medium,2
japanese,2
cat,2
appropriate,2
0,2
pit,2
cancellation,2
mould,2
broom,2
windowless,2
filthiest,2
quilt,2
streaming,2
vomit,2
toothpaste,2
brush,2
backpacker,2
60,2
atleast,2
deluxe,2
fifty,2
legal,2
banging,2
cheating,2
cleanest,2
butt,2
signal,2
news,2
spartan,2
disgusted,2
fight,2
tribeca,2
dispute,2
bitten,2
accurate,2
creepy,2
earplug,2
bloodstained,2
crawling,2
college,2
graffiti,2
advertise,2
travelled,2
bangkok,2
hazard,2
yeah,2
melted,2
dress,2
rotten,2
written,2
advertisement,2
203,2
boyfriend,2
200300,2
code,2
showered,2
cough,2
mounted,2
12m,2
celebration,1
cancer,1
preference,1
hopeful,1
soundproof,1
reverse,1
potty,1
littlebit,1
rectify,1
error,1
reinstated,1
overseas,1
nz,1
outlook,1
afternoonevening,1
ferry,1
quotidien,1
yum,1
famous,1
810,1
climate,1
excelent,1
ver,1
drawback,1
standpoint,1
chemshow,1
curb,1
unload,1
corrected,1
jumbled,1
roundtable,1
tho,1
3am,1
mom,1
staring,1
nevertheless,1
plesant,1
experienceat,1
matched,1
pleaseant,1
toll,1
kirchen,1
vrom,1
35th,1
comparison,1
switched,1
freeze,1
solocouple,1
estimation,1
comicon,1
javitz,1
strict,1
catching,1
remorse,1
unwanted,1
biased,1
musical,1
hated,1
pillowsso,1
squishy,1
neckback,1
2304,1
peep,1
additionally,1
mere,1
combining,1
crib,1
interactive,1
compd,1
decaf,1
creamer,1
stir,1
log,1
resting,1
coffeemilkcups,1
duration,1
disconcerting,1
precor,1
1130am,1
excruciating,1
margaritabermudezl92,1
proofreally,1
toothere,1
programmed,1
alert,1
depot,1
timely,1
thiswe,1
franchisesmaybe,1
westin,1
chill,1
sometime,1
indepth,1
epitome,1
hows,1
valuethere,1
welcomeshe,1
nicerthe,1
needshotel,1
popular,1
gardensonly,1
pen,1
twostory,1
magarita,1
amazingbecause,1
romantic,1
24hr,1
in,1
amtrakpenn,1
tramsportation,1
ranting,1
confrontational,1
entering,1
precisely,1
correspondent,1
gadget,1
distributed,1
snowwhite,1
ohhh,1
washer,1
twonight,1
nycs,1
affected,1
madame,1
trussard,1
neat,1
listened,1
ignored,1
5000points,1
whileit,1
keptour,1
emptied,1
andmoved,1
dance,1
competition,1
fruity,1
flavor,1
wafting,1
funky,1
modernized,1
dealbreaker,1
section,1
issuer,1
bogus,1
authorization,1
controlled,1
yers,1
attribute,1
hertz,1
businessthe,1
nicesized,1
sketchy,1
expression,1
disproves,1
notion,1
exact,1
comforting,1
remained,1
molina,1
fulfilled,1
cooperative,1
paramount,1
importance,1
cooperation,1
fortunate,1
safer,1
topview,1
array,1
lied,1
thursat,1
philly,1
economical,1
woken,1
5am,1
detector,1
thrown,1
plea,1
throwing,1
8am,1
gaze,1
piada,1
procure,1
discharging,1
footprint,1
ft,1
coverage,1
blacked,1
mechanism,1
clanging,1
windy,1
whistling,1
patio,1
champion,1
svc,1
acomadating,1
flagged,1
unbelievably,1
authorise,1
wedsat,1
nickel,1
costco,1
soak,1
friendliest,1
morningthe,1
metropolitan,1
pleasurable,1
medication,1
factorysweatshop,1
foul,1
sewer,1
legionnaire,1
disease,1
description,1
considered,1
247,1
scooter,1
heartfelt,1
devonmargerita,1
hostile,1
midamerica,1
cookedtoorder,1
invited,1
acknowledging,1
wishing,1
preshower,1
adjusting,1
fog,1
hotelgreat,1
espcially,1
fullservice,1
5minute,1
12minute,1
technically,1
outofthisworld,1
utilization,1
2102,1
imprecise,1
wad,1
chewing,1
gum,1
disposed,1
68,1
becomes,1
involved,1
milk,1
supermarket,1
spring,1
reiss,1
interruption,1
lean,1
multinight,1
existing,1
extend,1
increased,1
contract,1
obligation,1
craft,1
dairy,1
vegan,1
sarcastic,1
midmorning,1
sightsee,1
afternooon,1
dined,1
pharmacy,1
cheesy,1
flimsy,1
wirebasket,1
excellentfreshly,1
mobbed,1
comingthis,1
stadion,1
10min,1
jacob,1
streetcity,1
emma,1
france,1
scotland,1
kit,1
lewis,1
chatty,1
samefrom,1
dissatisfaction,1
comparable,1
espresso,1
cappuccino,1
conclusion,1
roomwith,1
helpfulthe,1
mist,1
rang,1
currently,1
investigate,1
recover,1
gatorade,1
criminal,1
effortless,1
assumed,1
juliano,1
maneuver,1
12oz,1
waterthought,1
hh,1
10mins,1
smack,1
lad,1
subzero,1
12019complementaryhot,1
givenhospitality,1
felthgi,1
latter,1
hiltonbranded,1
cabin,1
exclusively,1
loyal,1
37w,1
urgently,1
copy,1
effective,1
alcove,1
hub,1
buzz,1
thoughtful,1
uniformly,1
bustling,1
extended,1
rickie,1
dunkindonuts,1
californian,1
businesssavvy,1
capsule,1
kleenex,1
errant,1
washcloth,1
cv,1
linei,1
remodeled,1
chat,1
cookiecutter,1
fascinating,1
workroom,1
storesnack,1
altogether,1
1213,1
niece,1
columbia,1
notable,1
smallish,1
insulated,1
bet,1
amd,1
supplying,1
althoughg,1
underequipped,1
rockofeller,1
listing,1
emerald,1
findout,1
yorktimes,1
middecember,1
diceandi,1
newyork,1
excelente,1
structure,1
suburb,1
dealer,1
oknot,1
inquire,1
abouti,1
70000,1
pointsper,1
allinclusive,1
r306,1
offlooking,1
unplugged,1
unsatisfactory,1
underpays,1
rarity,1
greatvery,1
toddler,1
list,1
couldve,1
rudest,1
unaware,1
410,1
16000,1
baked,1
proof,1
material,1
culture,1
truck,1
honked,1
inconsiderate,1
neighbourhood,1
inadvertently,1
myriad,1
furniturebathroom,1
tss,1
anew,1
footwoukd,1
organise,1
dine,1
created,1
atmosphereour,1
restful,1
herethe,1
video,1
lag,1
greatthe,1
correctedthe,1
pennsylvania,1
workdid,1
ine,1
therehotel,1
cork,1
screw,1
wallet,1
connect,1
sky,1
pure,1
bliss,1
canceling,1
sparkling,1
concourse,1
foodstuff,1
indian,1
mexican,1
silver,1
hotcold,1
brisk,1
library,1
training,1
build,1
robe,1
forgive,1
3pm,1
unpack,1
pivotal,1
role,1
heap,1
positively,1
smiley,1
thrill,1
cent,1
holtel,1
directing,1
sliding,1
negligible,1
devour,1
cc,1
allowance,1
swiftly,1
impatient,1
fatigue,1
sighing,1
nail,1
tipping,1
africanamerican,1
apologised,1
frank,1
behaved,1
respectfully,1
freebie,1
entertainment,1
nn,1
bathroombwas,1
espespecia,1
bbecaus,1
unatended,1
fith,1
knocked,1
warning,1
spill,1
dried,1
inmediately,1
producing,1
produce,1
accumulation,1
locating,1
oppposite,1
exhibition,1
2pm,1
thanked,1
712,1
atrium,1
outgoing,1
w37street,1
oct892018there,1
misunderibg,1
reservationi,1
nafessa,1
1100am,1
readythey,1
til,1
8pmthey,1
refrigerated,1
medicine,1
macystimes,1
squarethe,1
resulting,1
burt,1
gitlin,1
mommy,1
mentioning,1
warehouse,1
accepted,1
sta,1
ritchie,1
tix,1
hubby,1
bday,1
practical,1
laguardia,1
carefully,1
consideration,1
snug,1
21,1
928,1
yorkcleaning,1
subwaystations,1
2025th,1
directed,1
gridlock,1
sooo,1
reputation,1
associate,1
indicated,1
cooking,1
necessarily,1
rattled,1
bemused,1
nght,1
itand,1
canadian,1
gal,1
squad,1
roomgood,1
gardena,1
dooran,1
restaurantstore,1
cornerbut,1
mouth,1
doormansecurity,1
airportwhich,1
expedited,1
2307,1
origami,1
chocolately,1
florence,1
metropole,1
brave,1
labor,1
delight,1
lowing,1
835pm,1
forwarded,1
yan,1
chung,1
assistant,1
furnitured,1
comfi,1
compensation,1
w37th,1
stationbut,1
breaker,1
airbnb,1
atedrank,1
tuesday,1
1430,1
holding,1
downpour,1
bermudez,1
messing,1
spirit,1
warmer,1
whistle,1
mass,1
inaugural,1
intend,1
tunnell,1
church,1
vitamin,1
haagendazs,1
luna,1
ipad,1
printer,1
nonslip,1
dryerlight,1
powerful,1
freezer,1
inquiring,1
invoice,1
drastic,1
elo,1
fiveminute,1
reminds,1
microtel,1
relative,1
pounding,1
815,1
insisting,1
lowflow,1
feakishly,1
roomier,1
11am,1
yukon,1
xl,1
layover,1
15hour,1
africa,1
joined,1
gymweight,1
wireless,1
1923,1
giovanni,1
bagsbut,1
accident,1
hiline,1
whitney,1
ricky,1
bread,1
memberwhen,1
coordinate,1
1030,1
combination,1
verified,1
tempting,1
magic,1
gratefulit,1
earn,1
josh,1
problematic,1
nafissa,1
teen,1
hotelbartenders,1
gogi,1
37id,1
tavola,1
jax,1
bbq,1
rank,1
disinterested,1
miserable,1
icing,1
sugar,1
blueberry,1
boil,1
lumpy,1
sweatshop,1
eradication,1
demanding,1
welltrained,1
comfortableon,1
keyword,1
insane,1
roller,1
production,1
cashed,1
hiltonhonors,1
dealing,1
ireland,1
numbered,1
satisfying,1
depending,1
approved,1
notification,1
stating,1
packet,1
7718,1
whocj,1
evident,1
werr,1
interact,1
posted,1
unremarkable,1
unexpectedly,1
crowdy,1
dimond,1
rushed,1
pristine,1
catered,1
luminous,1
spaciousenough,1
eternity,1
incident,1
thumbsup,1
spaced,1
unwilling,1
bodega,1
confirm,1
carryon,1
aso,1
ne,1
halfway,1
duvet,1
borrowed,1
teabags,1
disabledme,1
sving,1
grace,1
methadone,1
clinic,1
hurry,1
emergency,1
refridgerator,1
belmont,1
stake,1
annoys,1
remotely,1
msgpenn,1
border,1
sooooooo,1
bluestone,1
snob,1
coolest,1
hip,1
northern,1
chic,1
midst,1
hubbub,1
billy,1
joel,1
nightcap,1
immaculately,1
oasis,1
lens,1
drugstore,1
outofherway,1
teenage,1
3block,1
northeast,1
peace,1
1802,1
inparticular,1
wellstocked,1
launch,1
track,1
indulge,1
renaissance,1
graden,1
follows,1
cookie,1
cutter,1
densely,1
populated,1
layout,1
bumping,1
specified,1
barmanwaiter,1
thorough,1
unobtrusive,1
750,1
trashy,1
27,1
1pm,1
12pm,1
spite,1
wonderfulvery,1
nate,1
compromise,1
warmest,1
awkward,1
realizing,1
march,1
flawlessly,1
giuliano,1
curillo,1
exercising,1
diligence,1
learn,1
leadership,1
hayes,1
midrange,1
skinny,1
spectacularly,1
10minute,1
15minute,1
monthly,1
basis,1
considerably,1
defining,1
characteristic,1
distinct,1
mindset,1
detected,1
shadow,1
currency,1
exemplified,1
alsonafeesathe,1
represent,1
j,1
neal,1
bullet,1
crisis,1
averted,1
aves,1
lightquick,1
plumbing,1
secluded,1
insanity,1
minsauthentic,1
barmangreat,1
roomif,1
uncle,1
squashed,1
elina,1
apprehensive,1
guilliano,1
rsvp,1
grief,1
link,1
sweetest,1
revisit,1
easter,1
lloyd,1
laundry,1
massively,1
kcup,1
laughable,1
par,1
respond,1
kuerig,1
jean,1
ikea,1
owned,1
pricelinecom,1
139,1
163,1
2105king,1
overthetop,1
haircut,1
mike,1
barber,1
jewelry,1
existed,1
gentrify,1
tuned,1
chip,1
baseboard,1
contained,1
ensuring,1
170night,1
witty,1
uberprofessional,1
snagged,1
bedded,1
esb,1
gerry,1
sport,1
ordinary,1
fussed,1
amused,1
guard,1
vouched,1
overzealous,1
ticketed,1
zone,1
evidently,1
tailgatetrunk,1
yankee,1
genius,1
irishman,1
whipping,1
printscan,1
reflected,1
clock,1
commonly,1
model,1
largest,1
clockright,1
vision,1
expo,1
javitts,1
stopover,1
hisher,1
proactive,1
cleanmodern,1
defenatley,1
monitor,1
john,1
maggie,1
win,1
maam,1
qualified,1
polyglot,1
stack,1
napkin,1
nonsense,1
wellkept,1
cooktoorder,1
surpasses,1
amenitiesperfect,1
mw,1
cleanlinessperfect,1
elderly,1
sparkly,1
locationstaff,1
comparatively,1
newmodern,1
regulated,1
fieldsi,1
witoutsay,1
plainlylocation,1
perfectin,1
touristical,1
icon,1
statetimes,1
dear,1
evan,1
hansen,1
nighttime,1
critique,1
nitpicking,1
staied,1
logistic,1
adaptor,1
landed,1
slowly,1
1215,1
89,1
spokedealt,1
specific,1
202122,1
feb,1
pouring,1
sewing,1
sidethan,1
firehouse,1
friendlythe,1
atm,1
tagged,1
receptionfront,1
depicts,1
315,1
explanation,1
07,1
welllaid,1
nicetohave,1
1990,1
rated,1
san,1
francisco,1
burlingame,1
los,1
angeles,1
evanston,1
orlando,1
vega,1
dc,1
ups,1
accidentally,1
continue,1
inflated,1
readily,1
rear,1
pitty,1
bos,1
stopping,1
supper,1
thereby,1
compromised,1
reimbursed,1
madetoorder,1
hhonours,1
recognised,1
installing,1
discounted,1
roomslarger,1
326,1
37st,1
atentive,1
annoting,1
functioning,1
drifting,1
hint,1
discovering,1
barman,1
organic,1
turning,1
expressed,1
infection,1
coworkervery,1
231,1
venting,1
explaining,1
false,1
ending,1
updown,1
newburgh,1
stewart,1
walkedwheeled,1
flatstyle,1
hiltongarden,1
safeboxes,1
installed,1
3night,1
priority,1
liking,1
squeezing,1
914,1
bench,1
departing,1
remodeletcthe,1
inconsistent,1
expecation,1
glaring,1
questionable,1
downright,1
condescending,1
1030pm,1
raise,1
75f,1
futile,1
blower,1
persisted,1
sneezing,1
bout,1
sensor,1
shuts,1
manual,1
1130,1
nephew,1
fiance,1
talked,1
tucked,1
shoveling,1
sandra,1
maw,1
maryssa,1
refirgerator,1
chefstaff,1
26th,1
ammenities,1
hungry,1
familyfriends,1
staythis,1
newso,1
falling,1
cottonsand,1
ihg,1
novotel,1
groupsimilar,1
drinkso,1
overallit,1
1003,1
perfectnicely,1
acheat,1
multitude,1
42st,1
airline,1
useful,1
memorialmuseum,1
pokebowl,1
seamless,1
starved,1
rescheduled,1
notify,1
timing,1
flying,1
eclectic,1
motif,1
chore,1
biggy,1
separately,1
ipas,1
hive,1
customize,1
ada,1
compliance,1
onenight,1
stretched,1
brightness,1
farther,1
caveat,1
hitel,1
honers,1
kayla,1
slim,1
himtongardeninn,1
elevatorslifts,1
2109,1
lush,1
newhotel,1
scent,1
piano,1
69,1
beef,1
wellington,1
lga,1
square42nd,1
omlettes,1
locker,1
adjustment,1
virgin,1
southern,1
shortfall,1
staffand,1
tbh,1
fannying,1
decisive,1
greenwich,1
michael,1
overhead,1
frenetic,1
marred,1
easiest,1
caliber,1
terrified,1
bathroomoooof,1
sorta,1
climbing,1
bedmattress,1
rejuvenate,1
mount,1
sinai,1
scheduled,1
surgical,1
supportive,1
ticked,1
unisex,1
deceived,1
supposedly,1
offish,1
retainer,1
10days,1
segundo,1
ehud,1
mouia,1
jazz,1
registering,1
3604,1
parke,1
de,1
4115,1
dedicated,1
frustration,1
astonishing,1
krystal,1
wuold,1
certaily,1
absolutley,1
personell,1
majestic,1
proposed,1
plate,1
threeday,1
inspite,1
mosquito,1
duper,1
danke,1
suffer,1
trauma,1
impair,1
freely,1
allow,1
primary,1
physician,1
shine,1
achieve,1
flexibility,1
obtain,1
textsone,1
register,1
resolved,1
adam,1
rockstars,1
gladly,1
brochure,1
heel,1
magical,1
gel,1
ubication,1
urgent,1
refurbish,1
rescued,1
preparing,1
knicks,1
bobbie,1
stacy,1
viewsi,1
rooftop,1
jose,1
edith,1
absorb,1
bathtubes,1
contrary,1
rightly,1
tie,1
deliberately,1
distressed,1
adjustable,1
withdrawal,1
imaginable,1
hispanic,1
heritage,1
limitation,1
prevent,1
gathered,1
loaded,1
partially,1
ritual,1
sustenance,1
official,1
5th59,1
ordering,1
carte,1
nonherbal,1
peanut,1
ooookay,1
majormajorproblem,1
10day,1
itparticularly,1
btw,1
obtwour,1
midnighthad,1
battery,1
fning,1
chirping,1
testing,1
retreat,1
harsh,1
ignoring,1
snappy,1
patch,1
skirt,1
nycmanhattan,1
capture,1
walkway,1
commendable,1
knee,1
snd,1
accomadating,1
rowdy,1
graciously,1
roomthe,1
crumb,1
sincere,1
reform,1
1980s,1
71f,1
metallic,1
drained,1
acquire,1
surreal,1
row,1
wooden,1
frame,1
creaky,1
assignment,1
knickerbocker,1
historical,1
accommodates,1
pastry,1
salute,1
dilapidated,1
tripled,1
stale,1
sizecleanliness,1
quaint,1
upbeat,1
queensized,1
40person,1
nightand,1
acommendating,1
scented,1
allergy,1
severely,1
restricted,1
antihistamine,1
juice,1
questioned,1
hommus,1
carrot,1
celery,1
compliment,1
thrilled,1
oneand,1
jiffy,1
hamburger,1
formal,1
muffin,1
tray,1
downsideno,1
interacting,1
lesley,1
percent,1
recreation,1
outrageously,1
sarafinas,1
locationprice,1
astronomically,1
offerprovide,1
senior,1
tatty,1
confusion,1
erroneous,1
admittedly,1
handshake,1
eighty,1
renown,1
amangazieva,1
gracefully,1
ainaone,1
breathe,1
golden,1
oldie,1
dab,1
botox,1
injection,1
glee,1
sincerity,1
umbrella,1
representation,1
solve,1
applies,1
cultivating,1
loyalty,1
seek,1
bookedbrilliant,1
stawberries,1
honeymoonvery,1
refit,1
landing,1
shamppo,1
facilites,1
evryone,1
knob,1
rickety,1
squeaked,1
ventilator,1
steam,1
color,1
gray,1
technology,1
independent,1
magnetic,1
related,1
haul,1
fail,1
iconic,1
milestone,1
income,1
generous,1
gracias,1
notably,1
introducing,1
minbar,1
delightfulmy,1
coffeewater,1
surpriseddisappointed,1
fridgecounter,1
imo,1
swap,1
bothered,1
craning,1
cared,1
possiblefrom,1
cabthey,1
blown,1
permission,1
gesture,1
appealing,1
damp,1
rusted,1
warped,1
windowsi,1
film,1
nose,1
meserious,1
nabilla,1
arabic,1
supervisor,1
guidancethank,1
incidental,1
plugged,1
loose,1
expensiveon,1
operation,1
dusty,1
lump,1
vendor,1
deceitful,1
plusher,1
treck,1
rethink,1
carnegie,1
foodhall,1
bounced,1
homework,1
4203,1
settle,1
graveyard,1
tranquility,1
serenity,1
imperfection,1
scuff,1
tear,1
loosing,1
orientedi,1
outdatedeven,1
veryvery,1
henry,1
compulsary,1
indirect,1
increase,1
butgreat,1
cityour,1
essayed,1
uour,1
complicate,1
chek,1
tricky,1
bettercentral,1
roomnot,1
theyll,1
sneaky,1
excel,1
profession,1
guggenhiem,1
waymuseums,1
doorvincent,1
oscar,1
matthew,1
rose,1
excessable,1
superman,1
doormennabilla,1
wre,1
president,1
coped,1
inconveneinces,1
trffic,1
especilly,1
comportable,1
method,1
ayna,1
hiring,1
cooperate,1
demonstrate,1
interpersonal,1
havechecked,1
715night,1
praise,1
coverlet,1
united,1
nation,1
closure,1
harder,1
alot,1
adventurous,1
physically,1
meander,1
attractionsshoppingrestaurants,1
climatisation,1
refresh,1
expense,1
sublime,1
possibility,1
thery,1
heipful,1
spikeadinoyahoocom,1
quicker,1
ambiance,1
closing,1
uninteresting,1
unwelcome,1
epic,1
extremly,1
joyful,1
conditional,1
likelihood,1
917,1
roomthey,1
fllor,1
2515,1
greatmaybe,1
citybathroom,1
dumpster,1
fraction,1
roomsbathrooms,1
remodel,1
wheres,1
unused,1
accumulate,1
reviewing,1
dolly,1
shoppe,1
contrast,1
hiccup,1
villagesoho,1
stylish,1
squarely,1
administrative,1
task,1
interrupting,1
servant,1
ausies,1
regroup,1
recd,1
humidityim,1
texas,1
louisianaall,1
anyhow,1
represents,1
doorstep,1
friendliness,1
politeness,1
recovering,1
oldish,1
bee,1
exploration,1
datedbathrooms,1
especiallywith,1
dripping,1
wellit,1
plazaquick,1
optionsperfect,1
chewed,1
headboard,1
tune,1
2400,1
draining,1
assuring,1
horribly,1
embarassed,1
footman,1
organize,1
disclosed,1
disingenuous,1
adding,1
sweep,1
cps,1
former,1
beloved,1
investment,1
snuff,1
polish,1
communication,1
surname,1
jump,1
haha,1
checkedin,1
refundable,1
552,1
practice,1
thirty,1
romance,1
attendant,1
salad,1
inordinately,1
wasis,1
aggressive,1
hangin,1
hyatt,1
plentyful,1
form,1
24h,1
beneficial,1
grabbed,1
complicated,1
inbetween,1
barrestaurantbreakfast,1
ticketmaster,1
cafebar,1
wished,1
quirkiness,1
explode,1
cleared,1
chase,1
apologise,1
flashy,1
centralpark,1
lotte,1
occation,1
favor,1
potentially,1
trace,1
fixing,1
coffeetee,1
scratched,1
economic,1
joshua,1
phil,1
impecable,1
daysyear,1
stressed,1
refreshed,1
productive,1
empathy,1
helpfuland,1
handsome,1
deskrooms,1
historywould,1
grossish,1
bnb,1
630am,1
toronto,1
whisked,1
mariam,1
waived,1
bc,1
fawlty,1
citizen,1
bathmat,1
lightbulb,1
flashed,1
individually,1
newest,1
rubbed,1
revamped,1
unclear,1
cane,1
emphatically,1
untrue,1
post,1
marea,1
2stars,1
michelin,1
boat,1
parkfacing,1
beautfiul,1
formerly,1
edging,1
filtering,1
tremendously,1
civil,1
serviceable,1
upmat,1
325,1
mottled,1
coffeepot,1
rusting,1
spotty,1
hoteli,1
3816,1
circumstance,1
deterioration,1
protest,1
sleezy,1
overtakes,1
permeates,1
formally,1
recommending,1
favourite,1
leslie,1
strictly,1
strangely,1
39,1
happier,1
giant,1
gw,1
cloud,1
escorted,1
occupancy,1
remedy,1
undecided,1
digest,1
forth,1
smiletreat,1
deepest,1
porter,1
scotch,1
machineforced,1
hotelno,1
redeeming,1
thepark,1
spotlessi,1
deodorizer,1
distinction,1
yaya,1
gathering,1
greed,1
wonder,1
extension,1
tipped,1
coin,1
furiously,1
slammed,1
dowstrairs,1
beg,1
malfunctioning,1
suggests,1
250night,1
rented,1
leisurely,1
pace,1
fond,1
67,1
progressively,1
refurbishing,1
bringing,1
removal,1
33rd,1
tiredness,1
dcor,1
comforatable,1
gaping,1
net,1
battered,1
caffiene,1
luxe,1
inhouse,1
married,1
honour,1
referring,1
nanas,1
totalled,1
approx,1
mobile,1
offset,1
elevated,1
staging,1
labeled,1
exposed,1
throne,1
thread,1
standardswas,1
nature,1
ethic,1
wellsized,1
tripti,1
rodrigo,1
unnecessary,1
decorum,1
glitz,1
tennis,1
enabling,1
goal,1
disappoints,1
cute,1
dediced,1
sim,1
transferred,1
noshow,1
rudeness,1
annually,1
unwind,1
unloading,1
led,1
gilbertos,1
vorina,1
costing,1
deliver,1
rafael,1
lemache,1
dipped,1
gent,1
highquality,1
typeunder,1
token,1
buffett,1
88,1
appetitte,1
3803,1
checkinout,1
roomapartment,1
dank,1
ancient,1
under300,1
receiving,1
residence,1
musty,1
scatterbrained,1
apply,1
resemble,1
43rd,1
costly,1
valve,1
argue,1
wobbly,1
finesse,1
buttoned,1
sharpened,1
initial,1
leaning,1
nyrr,1
keeper,1
muslim,1
arab,1
absorbing,1
discomfort,1
understanding,1
mishap,1
46th,1
darling,1
boutique,1
heartbeat,1
weakness,1
accompanying,1
alright,1
grumpy,1
patched,1
graph,1
moody,1
canape,1
dessert,1
59,1
fifteen,1
ninth,1
afford,1
mess,1
tonight,1
hotelvery,1
friendlyupgraded,1
requestno,1
homey,1
citygreat,1
staffrodney,1
upholstered,1
grout,1
maintaining,1
comprehensive,1
giraffe,1
glimse,1
ejoy,1
citybut,1
friendlyeverything,1
woefully,1
suiteac,1
glassware,1
bellstand,1
oversized,1
900,1
rescue,1
dude,1
nest,1
petercouldnt,1
vast,1
guestscarpets,1
stainedlike,1
seedy,1
opposed,1
thoughvery,1
cleancleaned,1
fridgehairdryer,1
ironno,1
existent,1
scandal,1
wifithat,1
bar18,1
uppermanhattan,1
parc,1
orderd,1
31,1
incheck,1
listening,1
dit,1
pricevalue,1
pronounced,1
77f,1
resortfacilities,1
dame,1
beable,1
dirtyold,1
managing,1
joining,1
obtained,1
studiio,1
motherinlaws,1
80th,1
birthdaywerent,1
900pm,1
900am,1
emailstemperature,1
sweltering,1
verbal,1
notificationespecially,1
apologizing,1
amrico,1
decide,1
timathy,1
chandelier,1
southwestern,1
goodbut,1
mesmerized,1
pool,1
tims,1
considerable,1
bakery,1
accept,1
minded,1
outweighed,1
spontaneous,1
beerwinesnacks,1
40night,1
discontinue,1
wellbeing,1
restore,1
handing,1
index,1
mildly,1
smoked,1
desire,1
reluctant,1
contribution,1
demolition,1
rise,1
spinning,1
desirable,1
stepback,1
713,1
13th,1
waive,1
hotter,1
sending,1
avail,1
harry,1
rundown,1
2003,1
blizzard,1
stride,1
toddy,1
passenger,1
hadestown,1
exterior,1
1520,1
anticipating,1
underwhelming,1
requires,1
grubbiness,1
lovey,1
quibble,1
227,1
angelas,1
brekka,1
mandarin,1
oriental,1
bugged,1
kilo,1
valueless,1
mindfull,1
excluding,1
investigating,1
revenue,1
primarily,1
literature,1
gymok,1
nibble,1
77,1
pop,1
rising,1
popping,1
wind,1
traditionally,1
positioned,1
asthma,1
researching,1
cosmo,1
remaining,1
dreamy,1
firmer,1
275,1
conversion,1
1970s,1
modernise,1
awarded,1
settling,1
abundance,1
quoting,1
hailed,1
wayfarer,1
rib,1
truffel,1
mac,1
die,1
cord,1
drying,1
bat,1
provider,1
renewal,1
coffeemaker,1
nespresso,1
linking,1
mets,1
lavazza,1
tomorrow,1
allergic,1
consisted,1
pillowcase,1
mail,1
itchiness,1
dermatitis,1
pest,1
gilbert,1
hernandez,1
confirmation,1
disorganization,1
oversees,1
nzingha,1
exquisite,1
20m,1
servicehad,1
bearable,1
dateddirty,1
sticking,1
bubble,1
layer,1
scum,1
nicoles,1
increasingly,1
109,1
fairness,1
catering,1
aa,1
canceled,1
scramble,1
jimmy,1
undergo,1
renovationthat,1
asssume,1
locationbeautiful,1
parkvery,1
solving,1
sundries,1
loop,1
misgiving,1
shopper,1
bedsthe,1
renovatingthey,1
outofdate,1
parkexcellent,1
allround,1
servicein,1
deskedita,1
grandson,1
baptism,1
serendipitous,1
joyous,1
itinerary,1
amazed,1
generously,1
mot,1
chandon,1
transplanted,1
pression,1
10pm,1
couldt,1
summarizing,1
coworker,1
31st,1
5pm7pm,1
calles,1
magestic,1
sultry,1
treasure,1
undertaken,1
vintage,1
victim,1
modernity,1
delivers,1
esthetic,1
servicevalue,1
breezed,1
crisp,1
plush,1
firstrate,1
refuel,1
mingle,1
regeneration,1
walker,1
pokey,1
putting,1
lipstick,1
en,1
denver,1
corina,1
studio,1
1king,1
occasionally,1
screaming,1
shifted,1
proofing,1
concidering,1
banquet,1
tention,1
script,1
430pm,1
dental,1
floss,1
gut,1
rehab,1
tenth,1
sentimental,1
heavenly,1
reloading,1
runwalk,1
hugging,1
shes,1
entertaining,1
parkthis,1
natural,1
stationsa,1
excitingnote,1
30km,1
pp,1
restaurantsbest,1
hotel5min,1
gluten,1
vegetarian,1
guideline,1
source,1
recognize,1
award,1
custodian,1
porcelain,1
imprint,1
wore,1
knife,1
fork,1
forcing,1
ledge,1
42th,1
silicone,1
strainer,1
greyyellow,1
category,1
painting,1
possition,1
limit,1
t0,1
liquor,1
comfortablethe,1
lite,1
buggy,1
lavish,1
opulence,1
substantial,1
44person,1
bloomingdales5th,1
deeply,1
overcome,1
awhile,1
mildest,1
mug,1
stripped,1
inquired,1
tender,1
amsterdam,1
assortment,1
asap,1
attentiveness,1
who,1
barrel,1
shoddy,1
familiar,1
amounted,1
noninteresting,1
boxed,1
birdeye,1
leaking,1
vacuming,1
yogurt,1
brings,1
sprained,1
ankle,1
southlocated,1
irritated,1
socalled,1
twohour,1
entitles,1
appetiser,1
belowpar,1
cognizant,1
taxed,1
portorican,1
salsa,1
demeanor,1
47,1
splurge,1
sip,1
fashioned,1
kenny,1
pajama,1
searched,1
apologize,1
compensate,1
followup,1
43,1
universal,1
complementry,1
complementery,1
niggardly,1
allthe,1
timeless,1
graciousness,1
rooali,1
cleanhappy,1
1700,1
unforgettable,1
propose,1
elizabeth,1
calmed,1
nerve,1
unimaginable,1
fingerprint,1
sew,1
breakfastbuffet,1
cordial,1
upperfloor,1
historic,1
abnormally,1
functioned,1
capital,1
grandma,1
ensured,1
awsome,1
fridgeminibar,1
unparallel,1
staffis,1
meridan,1
topnotch,1
nrw,1
rob,1
honored,1
benari,1
managergave,1
1000night,1
welll,1
expensif,1
doorrman,1
signing,1
spam,1
riyadh,1
snake,1
adventure,1
eased,1
journey,1
32,1
penny,1
sensory,1
overload,1
balance,1
goto,1
hearty,1
alwayssmiling,1
everyones,1
plentiful,1
infamous,1
corporate,1
blandness,1
unobstructed,1
marvelling,1
photographing,1
lightning,1
storm,1
rainbow,1
6night,1
tow,1
infused,1
gin,1
tonic,1
kevin,1
costconscious,1
33,1
encourage,1
intends,1
splash,1
reassigned,1
yay,1
upgrading,1
hurt,1
speedy,1
grabbing,1
stretch,1
inability,1
recieved,1
breakfastwalter,1
redone,1
inagurated,1
hanoj,1
myrna,1
perez,1
hanojperezgmailcom,1
terrifically,1
throughly,1
conditioned,1
aand,1
tasting,1
73,1
limiting,1
menopausal,1
hat,1
fastest,1
crook,1
denied,1
confronted,1
fungus,1
lord,1
boyardee,1
yummy,1
yam,1
hotdog,1
earlymorning,1
seminar,1
village,1
princeton,1
ordinarily,1
460,1
airconditioning,1
bathroomswhich,1
floorsare,1
buying,1
badand,1
hoti,1
locationwise,1
admit,1
deciding,1
exaggerate,1
silly,1
scratch,1
walmart,1
trusting,1
split,1
lodging,1
snowflake,1
holocaust,1
realise,1
conclude,1
godont,1
arrested,1
bail,1
fancied,1
beeping,1
shouted,1
vacancy,1
207,1
humming,1
boiler,1
6ft,1
12ft,1
unbelivable,1
couch,1
conjusted,1
3x3,1
diddnt,1
aswell,1
pill,1
sinking,1
bowerygrand,1
flickering,1
fluorescent,1
linoleum,1
loc,1
mtr,1
ar,1
reserv,1
7m2,1
sm,1
beddsk,1
shar,1
135,1
ab,1
waterclntowlaccess,1
ht,1
hr,1
fd,1
cln,1
aft,1
active,1
agoda,1
reduce,1
2n,1
210,1
7m2talk,1
stupied,1
serv,1
infestation,1
torment,1
1000000,1
ohh,1
youve,1
violated,1
squat,1
dong,1
condemned,1
panel,1
urine,1
trashcan,1
germany,1
opt,1
outrageous,1
transient,1
boundary,1
warningdont,1
commode,1
dosent,1
ugliest,1
faeces,1
amusing,1
scene,1
noone,1
shrugged,1
angrily,1
noice,1
170m,1
liliput,1
cocroach,1
dangerous,1
unhealthy,1
piss,1
masked,1
cuisine,1
5storey,1
dinning,1
conducive,1
forced,1
slamming,1
ymca,1
224,1
47st,1
wedge,1
magazine,1
sighting,1
unwelcoming,1
dull,1
dreaded,1
darent,1
fithy,1
thebed,1
fecal,1
unspeakable,1
dirth,1
mpos,1
thecorridors,1
excuse,1
tofirst,1
pillowmy,1
wasthe,1
weedthe,1
dirtyand,1
therethere,1
showersand,1
singingso,1
goin,1
onebecause,1
personel,1
provisionally,1
7889,1
withing,1
exchange,1
deaf,1
oddly,1
asian,1
lodged,1
nonasians,1
nono,1
elder,1
vile,1
war,1
stunk,1
cannabis,1
toiletshower,1
isi,1
cad,1
incomplete,1
biggest,1
accomodate,1
bryants,1
fob,1
luxuriousthe,1
antennaonly,1
saver,1
combined,1
al,1
camping,1
youth,1
waa,1
snuggled,1
belonging,1
toiletteries,1
amazingly,1
movie,1
strap,1
bluntly,1
usable,1
claustrophobic,1
weed,1
roomwe,1
muchespecially,1
scammer,1
climb,1
marko,1
showeryou,1
badroom,1
badrooms,1
sogood,1
enought,1
airtrain,1
jamaican,1
cafesluckily,1
fill,1
thermos,1
piping,1
1mx2m,1
headphone,1
tolerance,1
automatically,1
discourage,1
unkind,1
worthy,1
definitively,1
toothbrush,1
smth,1
730,1
obsolete,1
dustbin,1
collect,1
commission,1
unfairly,1
reviewed,1
yorkand,1
upwards,1
cupboardsize,1
um,1
martini,1
cigar,1
fortunately,1
wt,1
nowthere,1
mcdonalds,1
beetle,1
revenge,1
clarify,1
satisfies,1
requirement,1
excessively,1
rent,1
sprinkler,1
breach,1
regulation,1
infected,1
scary,1
okif,1
jacket,1
sock,1
toweli,1
cleansershampoo,1
blow,1
cheeked,1
620,1
soiled,1
concept,1
no1,1
bran,1
stange,1
lamenting,1
fallen,1
upstairs,1
leary,1
bf,1
rid,1
acustics,1
suddenly,1
constant,1
crumbled,1
literal,1
eighteen,1
mysterious,1
unsurprisingly,1
decadent,1
tiney,1
connects,1
tool,1
guilty,1
clacking,1
challenging,1
baggaege,1
idont,1
stinky,1
torn,1
itching,1
raised,1
welt,1
shoulder,1
repellent,1
disinfectant,1
fade,1
stung,1
deceiving,1
182,1
laid,1
male,1
smallabout,1
showerrestroom,1
114,1
chinatownso,1
earphone,1
community,1
pet,1
tolerate,1
4x5,1
ugly,1
tourism,1
branch,1
cityhope,1
traumatic,1
inspection,1
disgrace,1
depends,1
wh,1
multi,1
legged,1
centipede,1
creature,1
scarce,1
gps,1
lier,1
million,1
sow,1
steepest,1
30steps,1
stuffed,1
dotted,1
friends4,1
continued,1
sayingdoing,1
laughing,1
bathroomsshowers,1
hotelhostel,1
frontdesk,1
upand,1
apologized,1
refundcompensation,1
protecting,1
professionalism,1
exists,1
frustrating,1
embarrassed,1
flor,1
190,1
treating,1
infest,1
civilized,1
tolilet,1
accomadition,1
fiction,1
fantasy,1
ghastly,1
imagined,1
hades,1
sank,1
mission,1
vagrant,1
psychopath,1
muttering,1
depressing,1
reaching,1
swung,1
curious,1
splatter,1
cried,1
deceased,1
carcass,1
outta,1
kicked,1
immensely,1
rooftopwhat,1
hotwire,1
temporary,1
bedclothes,1
silence,1
insecure,1
fishy,1
pack,1
dirtythe,1
washdry,1
cleanmy,1
stupidi,1
morningno,1
etccheap,1
toiletsshowers,1
5060,1
appalling,1
65x,1
pump,1
clanked,1
badbut,1
backpacking,1
nolita,1
soho,1
calorie,1
jumper,1
cuddling,1
26,1
staircasses,1
smels,1
awfull,1
holeuninteresred,1
employer,1
licence,1
numberwe,1
insekts,1
shall,1
toss,1
shelter,1
send,1
reaction,1
whould,1
cage,1
positif,1
contender,1
postagestamp,1
toiletstyle,1
lastminutecom,1
plank,1
slowno,1
developing,1
fluid,1
fake,1
ant,1
roomvery,1
8x8,1
norm,1
ultra,1
moneythis,1
shell,1
exterminator,1
spraying,1
pesticide,1
goodness,1
infront,1
summercamp,1
kill,1
feeteighty,1
stall,1
ratingthe,1
illegally,1
fitted,1
galore,1
crawl,1
moretiny,1
furthermore,1
fianc,1
20night,1
lobbey,1
climed,1
1meter,1
unpacking,1
grille,1
result,1
visible,1
coffin,1
dissapointed,1
inventory,1
wo,1
placement,1
cosy,1
image,1
definetely,1
page,1
flipping,1
induced,1
encouraged,1
hotelpoor,1
caretoo,1
human,1
habitation,1
listed,1
stayeddried,1
swing,1
kip,1
bathroomshared,1
carstrucks,1
passing,1
protection,1
therere,1
uncleaned,1
dare,1
barefoot,1
coz,1
unsanitary,1
deteriorated,1
unmaintained,1
sole,1
believer,1
53,1
repacked,1
omg,1
ceilling,1
conceted,1
extremnelly,1
unhelphul,1
enoughf,1
fingertip,1
reminder,1
celing,1
actuallyfor,1
constricted,1
84,1
contains,1
vacuum,1
died,1
bfs,1
shoppingeating,1
beach,1
agitated,1
fooled,1
repeat,1
tackled,1
meantion,1
shouting,1
dismal,1
gazed,1
disbelief,1
cubbyhole,1
stank,1
heaven,1
injecting,1
premise,1
width,1
reek,1
grime,1
ruining,1
sham,1
passion,1
palm,1
cheek,1
expidiacom,1
belive,1
worthless,1
sleepwell,1
roomonly,1
payphone,1
tooth,1
sachet,1
appearing,1
sweat,1
threadbarethe,1
replacement,1
stuffing,1
adopt,1
foetal,1
passable,1
marginally,1
clientele,1
cubicals,1
whereby,1
plague,1
maintainaned,1
desciptions,1
athar,1
ting,1
apy,1
bagages,1
snorting,1
coke,1
threw,1
sewage,1
unusable,1
ensuite,1
infested,1
priceline,1
ashamed,1
bedspread,1
129,1
8x10,1
bestask,1
quarter,1
bleach,1
leaf,1
ritzcarlton,1
semicramped,1
daysguess,1
observe,1
humidity,1
significant,1
abysmal,1
ashtray,1
68070,1
vain,1
administration,1
arguing,1
vial,1
telly,1
utter,1
sweaty,1
glorified,1
converted,1
bowel,1
pickle,1
weary,1
clothed,1
discusting,1
proped,1
bottlenot,1
2000,1
15000,1
stairsno,1
loudy,1
hellish,1
neighboors,1
annoy,1
unfortunetly,1
sing,1
xx,1
cursing,1
casino,1
countless,1
disgustingly,1
diretiest,1
tunneled,1
land,1
dip,1
dogcage,1
floorif,1
p,1
meddle,1
halal,1
130,1
neigbour,1
practicing,1
architect,1
violating,1
shady,1
bound,1
violation,1
prideful,1
teenager,1
trunk,1
fussy,1
screamed,1
proficient,1
choosey,1
frequent,1
bode,1
upside,1
robbed,1
desert,1
midlle,1
1950s,1
lugging,1
formiddable,1
dirtier,1
troubled,1
chocking,1
lid,1
fear,1
snorer,1
decides,1
moneyshower,1
tenacious,1
bb,1
preferable,1
straighten,1
smoker,1
murdered,1
postsandy,1
misfortune,1
shining,1
equivalent,1
soil,1
hauled,1
caling,1
plausable,1
invented,1
partitioned,1
slot,1
sqeezed,1
hitting,1
slimy,1
isolation,1
snort,1
fart,1
wider,1
noting,1
discontentment,1
aggression,1
lastminute,1
picking,1
morningevening,1
dibs,1
western,1
subbrand,1
plaster,1
chicken,1
wire,1
footstep,1
drunk,1
stumbled,1
hotal,1
2m,1
amenitied,1
2295,1
agree,1
saidyou,1
budgettake,1
background,1
surf,1
meter,1
backpacksuitcase,1
vice,1
versa,1
weak,1
grossbring,1
lowpriced,1
upkeep,1
barrack,1
dormitory,1
superbudget,1
tradeoff,1
45pernight,1
capacity,1
weighted,1
20something,1
nonus,1
nationalschinese,1
crime,1
sunbright,1
assesable,1
upto,1
anyhelp,1
lowbudget,1
shard,1
towards,1
houston,1
password,1
